transaction_id,order_id,transaction_date,amount,currency,payment_method,status,customer_email,merchant_id,fee,tax,net_amount
TXN_20250301_0214,ORD_78425,2025-03-01 09:23:54,7193.85,INR,Credit Card,SUCCESS,rahul715@company.in,MERCH_008,143.88,25.90,7024.07
TXN_20250301_0038,ORD_71592,2025-03-01 11:07:02,1394.27,INR,UPI,SUCCESS,neha296@yahoo.com,MERCH_015,27.89,5.02,1361.36
TXN_20250301_0119,ORD_23399,2025-03-01 14:03:10,8090.77,INR,UPI,SUCCESS,amit442@company.in,MERCH_018,161.82,29.13,7899.82
TXN_20250301_0002,ORD_46421,2025-03-01 15:34:17,5380.92,INR,UPI,SUCCESS,shreya105@gmail.com,MERCH_013,107.62,19.37,5253.93
TXN_20250301_0225,ORD_86153,2025-03-01 17:48:30,460.97,INR,UPI,SUCCESS,shreya628@yahoo.com,MERCH_006,9.22,1.66,450.09
TXN_20250301_0113,ORD_17923,2025-03-01 18:39:02,939.22,INR,Credit Card,SUCCESS,divya935@company.in,MERCH_016,18.78,3.38,917.06
TXN_20250301_0187,ORD_74990,2025-03-01 21:34:02,8790.76,INR,NetBanking,SUCCESS,priya770@company.in,MERCH_011,175.82,31.65,8583.29
TXN_20250301_0036,ORD_67733,2025-03-01 22:17:24,965.32,INR,UPI,SUCCESS,rahul259@company.in,MERCH_004,19.31,3.48,942.53
TXN_20250302_0179,ORD_55134,2025-03-02 04:52:25,3990.58,INR,UPI,SUCCESS,priya393@yahoo.com,MERCH_006,79.81,14.37,3896.40
TXN_20250302_0094,ORD_64127,2025-03-02 06:03:49,866.62,INR,Debit Card,SUCCESS,arjun514@company.in,MERCH_002,17.33,3.12,846.17
TXN_20250302_0029,ORD_39389,2025-03-02 06:34:59,9615.36,INR,Debit Card,SUCCESS,rahul773@gmail.com,MERCH_008,192.31,34.62,9388.43
TXN_20250302_0235,ORD_12900,2025-03-02 06:35:50,1940.95,INR,UPI,SUCCESS,priya289@yahoo.com,MERCH_005,38.82,6.99,1895.14
TXN_20250302_0228,ORD_99074,2025-03-02 07:06:35,734.63,INR,Wallet,SUCCESS,neha591@outlook.com,MERCH_010,14.69,2.64,717.30
TXN_20250302_0157,ORD_90495,2025-03-02 07:13:04,51.33,INR,UPI,SUCCESS,amit349@outlook.com,MERCH_011,1.03,0.19,50.11
TXN_20250302_0169,ORD_50756,2025-03-02 07:34:22,1597.62,INR,UPI,SUCCESS,pooja879@gmail.com,MERCH_008,31.95,5.75,1559.92
TXN_20250302_0247,ORD_82569,2025-03-02 09:17:02,22335.06,INR,Credit Card,SUCCESS,divya949@outlook.com,MERCH_004,446.70,80.41,21807.95
TXN_20250302_0040,ORD_85392,2025-03-02 14:08:05,1925.73,INR,Credit Card,SUCCESS,rahul784@yahoo.com,MERCH_019,38.51,6.93,1880.29
TXN_20250302_0259,ORD_84323,2025-03-02 14:31:23,4134.90,INR,Credit Card,SUCCESS,divya238@outlook.com,MERCH_001,82.70,14.89,4037.31
TXN_20250302_0140,ORD_77862,2025-03-02 15:15:09,4413.19,INR,Credit Card,SUCCESS,neha766@company.in,MERCH_010,88.26,15.89,4309.04
TXN_20250302_0028,ORD_21003,2025-03-02 15:25:05,7304.00,INR,Credit Card,SUCCESS,amit888@company.in,MERCH_006,146.08,26.29,7131.63
TXN_20250302_0104,ORD_27750,2025-03-02 20:58:25,400.96,INR,Debit Card,SUCCESS,arjun384@company.in,MERCH_015,8.02,1.44,391.50
TXN_20250303_0047,ORD_47667,2025-03-03 01:49:31,7475.20,INR,Wallet,SUCCESS,priya445@gmail.com,MERCH_004,149.50,26.91,7298.79
TXN_20250303_0219,ORD_30636,2025-03-03 02:00:51,1327.29,INR,UPI,SUCCESS,vikram799@company.in,MERCH_012,26.55,4.78,1295.96
TXN_20250303_0124,ORD_80373,2025-03-03 02:50:04,9164.01,INR,Credit Card,SUCCESS,priya112@outlook.com,MERCH_012,183.28,32.99,8947.74
TXN_20250303_0240,ORD_48628,2025-03-03 06:00:26,903.13,INR,Credit Card,SUCCESS,pooja195@outlook.com,MERCH_018,18.06,3.25,881.82
TXN_20250303_0197,ORD_16665,2025-03-03 06:32:02,679.13,INR,Debit Card,SUCCESS,divya864@yahoo.com,MERCH_016,13.58,2.44,663.11
TXN_20250303_0244,ORD_38298,2025-03-03 07:21:51,2623.48,INR,Wallet,SUCCESS,priya104@outlook.com,MERCH_018,52.47,9.44,2561.57
TXN_20250303_0021,ORD_80575,2025-03-03 11:42:50,9404.60,INR,Debit Card,SUCCESS,neha373@company.in,MERCH_003,188.09,33.86,9182.65
TXN_20250303_0087,ORD_37631,2025-03-03 12:58:00,4117.25,INR,Debit Card,SUCCESS,arjun633@gmail.com,MERCH_016,82.34,14.82,4020.09
TXN_20250303_0111,ORD_29126,2025-03-03 13:15:44,481.48,INR,UPI,SUCCESS,suresh958@company.in,MERCH_010,9.63,1.73,470.12
TXN_20250303_0209,ORD_23529,2025-03-03 14:06:12,1314.62,INR,Debit Card,SUCCESS,suresh649@yahoo.com,MERCH_009,26.29,4.73,1283.60
TXN_20250303_0116,ORD_81176,2025-03-03 14:14:55,4242.98,INR,Credit Card,SUCCESS,rahul184@yahoo.com,MERCH_001,84.86,15.27,4142.85
TXN_20250303_0136,ORD_70238,2025-03-03 16:24:03,1271.05,INR,UPI,SUCCESS,amit452@company.in,MERCH_001,25.42,4.58,1241.05
TXN_20250303_0243,ORD_19289,2025-03-03 17:11:20,1231.61,INR,UPI,SUCCESS,neha672@company.in,MERCH_003,24.63,4.43,1202.55
TXN_20250303_0163,ORD_74349,2025-03-03 17:49:46,1121.84,INR,UPI,SUCCESS,shreya4@company.in,MERCH_003,22.44,4.04,1095.36
TXN_20250303_0254,ORD_18729,2025-03-03 21:50:55,1893.09,INR,UPI,SUCCESS,vikram679@yahoo.com,MERCH_004,37.86,6.81,1848.42
TXN_20250304_0103,ORD_69873,2025-03-04 00:49:13,1050.83,INR,Credit Card,SUCCESS,suresh474@yahoo.com,MERCH_001,21.02,3.78,1026.03
TXN_20250304_0143,ORD_25202,2025-03-04 03:27:55,1853.02,INR,Credit Card,SUCCESS,divya57@yahoo.com,MERCH_006,37.06,6.67,1809.29
TXN_20250304_0155,ORD_86544,2025-03-04 04:15:49,4859.46,INR,Wallet,SUCCESS,amit103@outlook.com,MERCH_008,97.19,17.49,4744.78
TXN_20250304_0256,ORD_13862,2025-03-04 08:14:47,23356.03,INR,Wallet,SUCCESS,vikram231@outlook.com,MERCH_011,467.12,84.08,22804.83
TXN_20250304_0128,ORD_80371,2025-03-04 08:53:31,1609.03,INR,UPI,SUCCESS,shreya202@company.in,MERCH_004,32.18,5.79,1571.06
TXN_20250304_0258,ORD_25517,2025-03-04 15:00:32,1899.77,INR,UPI,SUCCESS,amit745@gmail.com,MERCH_011,38.00,6.84,1854.93
TXN_20250304_0280,ORD_88172,2025-03-04 17:05:55,1386.74,INR,Debit Card,SUCCESS,arjun336@company.in,MERCH_002,27.73,4.99,1354.02
TXN_20250304_0298,ORD_95699,2025-03-04 19:55:30,326.10,INR,UPI,SUCCESS,divya47@outlook.com,MERCH_005,6.52,1.17,318.41
TXN_20250305_0248,ORD_85527,2025-03-05 01:56:46,3383.22,INR,NetBanking,SUCCESS,priya610@yahoo.com,MERCH_002,67.66,12.18,3303.38
TXN_20250305_0146,ORD_98254,2025-03-05 02:44:42,282.83,INR,NetBanking,SUCCESS,amit229@gmail.com,MERCH_013,5.66,1.02,276.15
TXN_20250305_0086,ORD_82199,2025-03-05 03:52:42,1288.36,INR,UPI,SUCCESS,vikram630@gmail.com,MERCH_017,25.77,4.64,1257.95
TXN_20250305_0215,ORD_63562,2025-03-05 09:39:16,1759.69,INR,UPI,SUCCESS,rahul727@gmail.com,MERCH_019,35.19,6.33,1718.17
TXN_20250305_0074,ORD_29313,2025-03-05 09:43:17,9242.45,INR,NetBanking,SUCCESS,priya970@outlook.com,MERCH_015,184.85,33.27,9024.33
TXN_20250305_0231,ORD_42426,2025-03-05 10:13:47,14640.56,INR,Debit Card,SUCCESS,pooja642@outlook.com,MERCH_005,292.81,52.71,14295.04
TXN_20250305_0008,ORD_79822,2025-03-05 11:47:36,9823.88,INR,Debit Card,SUCCESS,amit676@company.in,MERCH_018,196.48,35.37,9592.03
TXN_20250305_0306,ORD_63961,2025-03-05 12:44:59,1111.11,INR,NetBanking,SUCCESS,pooja883@outlook.com,MERCH_019,22.22,4.00,1084.89
TXN_20250305_0100,ORD_28430,2025-03-05 13:03:24,236.00,INR,Credit Card,SUCCESS,neha7@yahoo.com,MERCH_013,4.72,0.85,230.43
TXN_20250305_0268,ORD_47642,2025-03-05 14:08:33,1392.88,INR,Credit Card,SUCCESS,shreya266@yahoo.com,MERCH_005,27.86,5.01,1360.01
TXN_20250305_0154,ORD_36143,2025-03-05 14:12:10,317.61,INR,Credit Card,SUCCESS,suresh256@gmail.com,MERCH_013,6.35,1.14,310.12
TXN_20250305_0188,ORD_75191,2025-03-05 14:33:02,2949.65,INR,Debit Card,SUCCESS,rahul106@company.in,MERCH_014,58.99,10.62,2880.04
TXN_20250305_0255,ORD_70029,2025-03-05 14:33:05,1026.27,INR,Credit Card,SUCCESS,rahul41@outlook.com,MERCH_017,20.53,3.70,1002.04
TXN_20250305_0160,ORD_54007,2025-03-05 15:22:23,7834.29,INR,Credit Card,SUCCESS,vikram215@outlook.com,MERCH_003,156.69,28.20,7649.40
TXN_20250305_0052,ORD_69609,2025-03-05 17:12:37,6292.58,INR,UPI,SUCCESS,vikram599@company.in,MERCH_012,125.85,22.65,6144.08
TXN_20250305_0151,ORD_16416,2025-03-05 18:16:14,15943.67,INR,Debit Card,SUCCESS,vikram840@outlook.com,MERCH_001,318.87,57.40,15567.40
TXN_20250306_0046,ORD_28894,2025-03-06 04:10:21,941.01,INR,Credit Card,SUCCESS,amit77@company.in,MERCH_009,18.82,3.39,918.80
TXN_20250306_0275,ORD_51744,2025-03-06 07:16:33,733.12,INR,UPI,SUCCESS,vikram588@outlook.com,MERCH_006,14.66,2.64,715.82
TXN_20250306_0148,ORD_65026,2025-03-06 09:06:33,1967.08,INR,Credit Card,SUCCESS,rahul996@outlook.com,MERCH_009,39.34,7.08,1920.66
TXN_20250306_0007,ORD_89818,2025-03-06 11:58:39,7111.60,INR,UPI,SUCCESS,shreya781@outlook.com,MERCH_018,142.23,25.60,6943.77
TXN_20250306_0114,ORD_91235,2025-03-06 12:40:59,3927.75,INR,Credit Card,SUCCESS,shreya274@company.in,MERCH_003,78.56,14.14,3835.05
TXN_20250306_0181,ORD_64627,2025-03-06 13:57:40,7518.00,INR,Credit Card,SUCCESS,priya561@yahoo.com,MERCH_016,150.36,27.06,7340.58
TXN_20250306_0183,ORD_21807,2025-03-06 16:39:40,3193.16,INR,Debit Card,SUCCESS,priya741@gmail.com,MERCH_009,63.86,11.49,3117.81
TXN_20250306_0001,ORD_39256,2025-03-06 17:42:36,586.31,INR,UPI,SUCCESS,priya693@gmail.com,MERCH_019,11.73,2.11,572.47
TXN_20250306_0238,ORD_11974,2025-03-06 19:34:16,896.62,INR,UPI,SUCCESS,vikram599@gmail.com,MERCH_013,17.93,3.23,875.46
TXN_20250306_0184,ORD_16014,2025-03-06 23:02:04,1528.50,INR,UPI,SUCCESS,amit680@outlook.com,MERCH_011,30.57,5.50,1492.43
TXN_20250307_0292,ORD_59277,2025-03-07 03:47:00,1229.14,INR,Debit Card,SUCCESS,divya823@outlook.com,MERCH_004,24.58,4.42,1200.14
TXN_20250307_0166,ORD_31910,2025-03-07 04:08:18,9592.49,INR,Wallet,SUCCESS,neha130@gmail.com,MERCH_014,191.85,34.53,9366.11
TXN_20250307_0076,ORD_91633,2025-03-07 05:57:49,868.66,INR,Credit Card,SUCCESS,priya857@company.in,MERCH_020,17.37,3.13,848.16
TXN_20250307_0203,ORD_61653,2025-03-07 07:34:45,1166.80,INR,Credit Card,SUCCESS,priya313@outlook.com,MERCH_012,23.34,4.20,1139.26
TXN_20250307_0283,ORD_12058,2025-03-07 10:16:31,189.90,INR,UPI,SUCCESS,pooja674@company.in,MERCH_005,3.80,0.68,185.42
TXN_20250307_0134,ORD_52217,2025-03-07 11:50:07,3169.95,INR,NetBanking,SUCCESS,arjun502@outlook.com,MERCH_019,63.40,11.41,3095.14
TXN_20250307_0078,ORD_94252,2025-03-07 19:26:00,1114.73,INR,UPI,SUCCESS,pooja713@company.in,MERCH_006,22.29,4.01,1088.43
TXN_20250307_0263,ORD_13265,2025-03-07 21:38:37,680.75,INR,UPI,SUCCESS,divya919@outlook.com,MERCH_015,13.62,2.45,664.68
TXN_20250307_0044,ORD_64387,2025-03-07 23:02:37,8320.05,INR,UPI,SUCCESS,suresh274@gmail.com,MERCH_010,166.40,29.95,8123.70
TXN_20250308_0300,ORD_31627,2025-03-08 04:33:10,4959.42,INR,Credit Card,SUCCESS,divya42@outlook.com,MERCH_004,99.19,17.85,4842.38
TXN_20250308_0126,ORD_37114,2025-03-08 05:03:48,718.98,INR,Credit Card,SUCCESS,shreya488@gmail.com,MERCH_015,14.38,2.59,702.01
TXN_20250308_0039,ORD_50319,2025-03-08 05:43:02,373.55,INR,Credit Card,SUCCESS,divya944@yahoo.com,MERCH_015,7.47,1.34,364.74
TXN_20250308_0075,ORD_71925,2025-03-08 10:09:35,609.41,INR,Debit Card,SUCCESS,amit778@company.in,MERCH_015,12.19,2.19,595.03
TXN_20250308_0096,ORD_20358,2025-03-08 10:39:25,610.88,INR,UPI,SUCCESS,pooja672@yahoo.com,MERCH_016,12.22,2.20,596.46
TXN_20250308_0108,ORD_80507,2025-03-08 13:51:04,408.56,INR,Credit Card,SUCCESS,neha308@outlook.com,MERCH_015,8.17,1.47,398.92
TXN_20250308_0174,ORD_17441,2025-03-08 14:40:49,518.59,INR,NetBanking,SUCCESS,divya414@yahoo.com,MERCH_005,10.37,1.87,506.35
TXN_20250308_0150,ORD_51160,2025-03-08 21:03:59,926.66,INR,Credit Card,SUCCESS,suresh367@outlook.com,MERCH_015,18.53,3.34,904.79
TXN_20250309_0293,ORD_60933,2025-03-09 04:42:14,2499.10,INR,UPI,SUCCESS,rahul265@yahoo.com,MERCH_006,49.98,9.00,2440.12
TXN_20250309_0260,ORD_11967,2025-03-09 06:49:29,112.85,INR,Wallet,SUCCESS,arjun228@outlook.com,MERCH_007,2.26,0.41,110.18
TXN_20250309_0190,ORD_63636,2025-03-09 07:15:17,1652.59,INR,UPI,SUCCESS,divya201@outlook.com,MERCH_004,33.05,5.95,1613.59
TXN_20250309_0133,ORD_17780,2025-03-09 09:22:57,8508.24,INR,Credit Card,SUCCESS,suresh288@outlook.com,MERCH_011,170.16,30.63,8307.45
TXN_20250309_0012,ORD_62565,2025-03-09 09:45:59,988.65,INR,NetBanking,SUCCESS,amit389@gmail.com,MERCH_013,19.77,3.56,965.32
TXN_20250309_0230,ORD_40753,2025-03-09 10:56:23,95.05,INR,Debit Card,SUCCESS,priya216@outlook.com,MERCH_013,1.90,0.34,92.81
TXN_20250309_0048,ORD_60140,2025-03-09 14:02:43,1238.51,INR,Credit Card,SUCCESS,neha510@outlook.com,MERCH_008,24.77,4.46,1209.28
TXN_20250309_0278,ORD_85324,2025-03-09 14:59:53,729.80,INR,UPI,SUCCESS,priya416@gmail.com,MERCH_011,14.60,2.63,712.57
TXN_20250309_0065,ORD_57428,2025-03-09 16:14:48,8656.21,INR,UPI,SUCCESS,priya250@company.in,MERCH_019,173.12,31.16,8451.93
TXN_20250309_0127,ORD_65885,2025-03-09 19:15:09,695.43,INR,Wallet,SUCCESS,neha817@company.in,MERCH_006,13.91,2.50,679.02
TXN_20250309_0098,ORD_14763,2025-03-09 19:57:54,1683.33,INR,Wallet,SUCCESS,arjun807@company.in,MERCH_006,33.67,6.06,1643.60
TXN_20250309_0159,ORD_61327,2025-03-09 23:02:42,24230.47,INR,NetBanking,SUCCESS,divya34@outlook.com,MERCH_020,484.61,87.23,23658.63
TXN_20250310_0262,ORD_49918,2025-03-10 13:11:30,826.18,INR,Debit Card,SUCCESS,vikram473@outlook.com,MERCH_014,16.52,2.97,806.69
TXN_20250310_0273,ORD_78632,2025-03-10 13:36:45,992.77,INR,UPI,SUCCESS,shreya147@gmail.com,MERCH_017,19.86,3.57,969.34
TXN_20250310_0022,ORD_98777,2025-03-10 15:30:35,1883.71,INR,Debit Card,SUCCESS,amit631@yahoo.com,MERCH_013,37.67,6.78,1839.26
TXN_20250310_0152,ORD_94500,2025-03-10 22:50:30,7042.38,INR,UPI,SUCCESS,divya266@gmail.com,MERCH_001,140.85,25.35,6876.18
TXN_20250311_0237,ORD_78306,2025-03-11 00:03:40,1553.44,INR,Debit Card,SUCCESS,neha485@company.in,MERCH_010,31.07,5.59,1516.78
TXN_20250311_0193,ORD_99995,2025-03-11 02:03:09,1443.05,INR,UPI,SUCCESS,amit728@outlook.com,MERCH_017,28.86,5.19,1409.00
TXN_20250311_0084,ORD_57303,2025-03-11 02:09:32,5952.18,INR,Credit Card,SUCCESS,shreya479@outlook.com,MERCH_020,119.04,21.43,5811.71
TXN_20250311_0296,ORD_60353,2025-03-11 04:39:09,126.70,INR,Debit Card,SUCCESS,vikram713@company.in,MERCH_004,2.53,0.46,123.71
TXN_20250311_0106,ORD_68515,2025-03-11 08:06:08,1208.19,INR,Credit Card,SUCCESS,rahul251@gmail.com,MERCH_013,24.16,4.35,1179.68
TXN_20250311_0178,ORD_74169,2025-03-11 11:56:53,8115.87,INR,Debit Card,SUCCESS,priya133@company.in,MERCH_014,162.32,29.22,7924.33
TXN_20250311_0055,ORD_53713,2025-03-11 15:07:16,2170.86,INR,UPI,SUCCESS,amit806@outlook.com,MERCH_003,43.42,7.82,2119.62
TXN_20250311_0139,ORD_99989,2025-03-11 16:13:39,5293.68,INR,Credit Card,SUCCESS,neha89@gmail.com,MERCH_005,105.87,19.06,5168.75
TXN_20250311_0015,ORD_55745,2025-03-11 16:20:33,308.29,INR,NetBanking,SUCCESS,neha379@yahoo.com,MERCH_006,6.17,1.11,301.01
TXN_20250311_0063,ORD_47125,2025-03-11 19:09:21,5439.31,INR,Debit Card,SUCCESS,divya499@yahoo.com,MERCH_002,108.79,19.58,5310.94
TXN_20250311_0013,ORD_51104,2025-03-11 21:38:23,6337.56,INR,UPI,SUCCESS,divya489@outlook.com,MERCH_002,126.75,22.81,6188.00
TXN_20250311_0173,ORD_91737,2025-03-11 22:13:55,1370.53,INR,UPI,SUCCESS,priya8@yahoo.com,MERCH_018,27.41,4.93,1338.19
TXN_20250312_0234,ORD_41399,2025-03-12 01:00:31,873.37,INR,Credit Card,SUCCESS,divya827@yahoo.com,MERCH_010,17.47,3.14,852.76
TXN_20250312_0172,ORD_63674,2025-03-12 01:53:33,4152.67,INR,Credit Card,SUCCESS,rahul486@outlook.com,MERCH_006,83.05,14.95,4054.67
TXN_20250312_0057,ORD_96363,2025-03-12 02:07:27,8265.82,INR,Credit Card,SUCCESS,pooja659@gmail.com,MERCH_002,165.32,29.76,8070.74
TXN_20250312_0175,ORD_98063,2025-03-12 03:04:18,5805.88,INR,UPI,SUCCESS,vikram866@outlook.com,MERCH_018,116.12,20.90,5668.86
TXN_20250312_0105,ORD_70686,2025-03-12 03:27:10,9827.93,INR,Debit Card,SUCCESS,suresh435@company.in,MERCH_008,196.56,35.38,9595.99
TXN_20250312_0118,ORD_66603,2025-03-12 09:48:01,1885.23,INR,UPI,SUCCESS,divya677@company.in,MERCH_003,37.70,6.79,1840.74
TXN_20250312_0213,ORD_12170,2025-03-12 11:45:08,307.82,INR,UPI,SUCCESS,suresh701@company.in,MERCH_005,6.16,1.11,300.55
TXN_20250312_0097,ORD_71918,2025-03-12 15:16:27,855.94,INR,UPI,SUCCESS,amit6@outlook.com,MERCH_014,17.12,3.08,835.74
TXN_20250312_0288,ORD_14337,2025-03-12 19:11:17,1608.78,INR,UPI,SUCCESS,priya991@outlook.com,MERCH_020,32.18,5.79,1570.81
TXN_20250312_0156,ORD_57026,2025-03-12 19:36:07,1622.11,INR,NetBanking,SUCCESS,rahul721@yahoo.com,MERCH_019,32.44,5.84,1583.83
TXN_20250312_0107,ORD_96535,2025-03-12 20:00:47,329.36,INR,Credit Card,SUCCESS,arjun308@yahoo.com,MERCH_002,6.59,1.19,321.58
TXN_20250313_0223,ORD_42728,2025-03-13 02:00:58,3622.13,INR,NetBanking,SUCCESS,shreya160@gmail.com,MERCH_004,72.44,13.04,3536.65
TXN_20250313_0251,ORD_52390,2025-03-13 02:19:03,1564.71,INR,Debit Card,SUCCESS,divya92@gmail.com,MERCH_014,31.29,5.63,1527.79
TXN_20250313_0266,ORD_37215,2025-03-13 05:06:41,7029.08,INR,UPI,SUCCESS,amit57@yahoo.com,MERCH_002,140.58,25.30,6863.20
TXN_20250313_0089,ORD_85718,2025-03-13 09:15:21,22202.17,INR,Debit Card,SUCCESS,neha782@outlook.com,MERCH_016,444.04,79.93,21678.20
TXN_20250313_0056,ORD_27275,2025-03-13 12:01:59,8931.58,INR,UPI,SUCCESS,neha603@yahoo.com,MERCH_001,178.63,32.15,8720.80
TXN_20250313_0125,ORD_83137,2025-03-13 21:27:07,1506.36,INR,Credit Card,SUCCESS,divya227@company.in,MERCH_012,30.13,5.42,1470.81
TXN_20250314_0095,ORD_83149,2025-03-14 04:00:15,3972.15,INR,UPI,SUCCESS,vikram790@yahoo.com,MERCH_007,79.44,14.30,3878.41
TXN_20250314_0289,ORD_62264,2025-03-14 04:02:35,3340.80,INR,Credit Card,SUCCESS,pooja765@outlook.com,MERCH_013,66.82,12.03,3261.95
TXN_20250314_0016,ORD_82512,2025-03-14 04:07:30,258.72,INR,UPI,SUCCESS,vikram620@outlook.com,MERCH_011,5.17,0.93,252.62
TXN_20250314_0019,ORD_60140,2025-03-14 06:51:04,1417.49,INR,NetBanking,SUCCESS,pooja228@outlook.com,MERCH_015,28.35,5.10,1384.04
TXN_20250314_0144,ORD_53910,2025-03-14 09:07:59,9199.18,INR,NetBanking,SUCCESS,vikram537@gmail.com,MERCH_009,183.98,33.12,8982.08
TXN_20250314_0033,ORD_11330,2025-03-14 21:49:32,4210.15,INR,Credit Card,SUCCESS,neha88@outlook.com,MERCH_014,84.20,15.16,4110.79
TXN_20250315_0212,ORD_71789,2025-03-15 02:14:54,6852.21,INR,NetBanking,SUCCESS,amit225@company.in,MERCH_020,137.04,24.67,6690.50
TXN_20250315_0023,ORD_53933,2025-03-15 02:38:06,1284.23,INR,UPI,SUCCESS,neha689@yahoo.com,MERCH_008,25.68,4.62,1253.93
TXN_20250315_0050,ORD_38705,2025-03-15 05:26:25,8415.46,INR,Credit Card,SUCCESS,divya257@outlook.com,MERCH_004,168.31,30.30,8216.85
TXN_20250315_0233,ORD_74478,2025-03-15 06:06:08,66.22,INR,Wallet,SUCCESS,pooja307@gmail.com,MERCH_014,1.32,0.24,64.66
TXN_20250315_0265,ORD_36588,2025-03-15 08:27:13,3052.57,INR,UPI,SUCCESS,vikram13@company.in,MERCH_016,61.05,10.99,2980.53
TXN_20250315_0123,ORD_63627,2025-03-15 11:25:31,8782.30,INR,Debit Card,SUCCESS,amit649@yahoo.com,MERCH_008,175.65,31.62,8575.03
TXN_20250315_0129,ORD_51049,2025-03-15 18:32:54,7376.88,INR,UPI,SUCCESS,vikram120@outlook.com,MERCH_012,147.54,26.56,7202.78
TXN_20250315_0271,ORD_82768,2025-03-15 20:45:38,1372.49,INR,Credit Card,SUCCESS,neha592@yahoo.com,MERCH_012,27.45,4.94,1340.10
TXN_20250316_0101,ORD_50760,2025-03-16 05:27:19,1387.84,INR,Debit Card,SUCCESS,vikram377@outlook.com,MERCH_008,27.76,5.00,1355.08
TXN_20250316_0272,ORD_64246,2025-03-16 07:10:25,2253.03,INR,UPI,SUCCESS,neha381@company.in,MERCH_010,45.06,8.11,2199.86
TXN_20250316_0257,ORD_37100,2025-03-16 11:57:08,6337.87,INR,Debit Card,SUCCESS,divya555@outlook.com,MERCH_005,126.76,22.82,6188.29
TXN_20250316_0261,ORD_84964,2025-03-16 12:33:07,1881.32,INR,Credit Card,SUCCESS,suresh657@gmail.com,MERCH_017,37.63,6.77,1836.92
TXN_20250316_0227,ORD_84427,2025-03-16 15:50:56,6497.11,INR,UPI,SUCCESS,priya708@outlook.com,MERCH_002,129.94,23.39,6343.78
TXN_20250316_0141,ORD_84498,2025-03-16 16:43:02,1728.59,INR,Credit Card,SUCCESS,suresh700@outlook.com,MERCH_016,34.57,6.22,1687.80
TXN_20250316_0122,ORD_74357,2025-03-16 19:49:20,1405.17,INR,Wallet,SUCCESS,neha334@company.in,MERCH_009,28.10,5.06,1372.01
TXN_20250316_0045,ORD_60196,2025-03-16 22:53:52,13582.08,INR,UPI,SUCCESS,arjun45@yahoo.com,MERCH_016,271.64,48.90,13261.54
TXN_20250317_0236,ORD_29148,2025-03-17 08:46:03,1513.61,INR,UPI,SUCCESS,arjun74@company.in,MERCH_006,30.27,5.45,1477.89
TXN_20250317_0117,ORD_20279,2025-03-17 10:29:35,1492.50,INR,Credit Card,SUCCESS,shreya55@gmail.com,MERCH_014,29.85,5.37,1457.28
TXN_20250317_0253,ORD_36712,2025-03-17 10:39:51,1099.11,INR,Credit Card,SUCCESS,vikram562@company.in,MERCH_020,21.98,3.96,1073.17
TXN_20250317_0070,ORD_55851,2025-03-17 12:23:41,1344.04,INR,UPI,SUCCESS,arjun133@gmail.com,MERCH_010,26.88,4.84,1312.32
TXN_20250317_0017,ORD_67912,2025-03-17 12:37:17,4095.64,INR,Credit Card,SUCCESS,arjun575@gmail.com,MERCH_004,81.91,14.74,3998.99
TXN_20250317_0026,ORD_28136,2025-03-17 15:17:26,1103.30,INR,UPI,SUCCESS,arjun711@outlook.com,MERCH_007,22.07,3.97,1077.26
TXN_20250317_0250,ORD_16463,2025-03-17 15:39:51,1164.31,INR,Credit Card,SUCCESS,vikram88@company.in,MERCH_017,23.29,4.19,1136.83
TXN_20250317_0158,ORD_30644,2025-03-17 16:07:19,316.08,INR,Debit Card,SUCCESS,arjun811@company.in,MERCH_011,6.32,1.14,308.62
TXN_20250317_0011,ORD_80292,2025-03-17 19:18:58,3532.72,INR,Credit Card,SUCCESS,arjun188@yahoo.com,MERCH_015,70.65,12.72,3449.35
TXN_20250317_0011,ORD_80292,2025-03-17 19:18:58,3532.72,INR,Credit Card,SUCCESS,arjun188@yahoo.com,MERCH_015,70.65,12.72,3449.35
TXN_20250318_0165,ORD_39820,2025-03-18 00:32:45,8051.66,INR,Credit Card,SUCCESS,arjun839@company.in,MERCH_018,161.03,28.99,7861.64
TXN_20250318_0210,ORD_89195,2025-03-18 01:59:30,990.11,INR,UPI,SUCCESS,amit451@outlook.com,MERCH_008,19.80,3.56,966.75
TXN_20250318_0220,ORD_35496,2025-03-18 04:50:16,6850.91,INR,Credit Card,SUCCESS,arjun589@gmail.com,MERCH_009,137.02,24.66,6689.23
TXN_20250318_0041,ORD_23710,2025-03-18 05:24:14,676.06,INR,NetBanking,SUCCESS,shreya422@company.in,MERCH_010,13.52,2.43,660.11
TXN_20250318_0066,ORD_94599,2025-03-18 07:03:06,1918.54,INR,NetBanking,SUCCESS,neha106@outlook.com,MERCH_009,38.37,6.91,1873.26
TXN_20250318_0198,ORD_53500,2025-03-18 07:05:02,466.04,INR,UPI,SUCCESS,vikram224@company.in,MERCH_018,9.32,1.68,455.04
TXN_20250318_0176,ORD_65112,2025-03-18 13:56:06,1749.29,INR,Debit Card,SUCCESS,shreya381@yahoo.com,MERCH_019,34.99,6.30,1708.00
TXN_20250318_0018,ORD_23473,2025-03-18 16:52:40,536.58,INR,UPI,SUCCESS,suresh906@company.in,MERCH_020,10.73,1.93,523.92
TXN_20250318_0308,ORD_48769,2025-03-18 17:34:22,4567.89,INR,UPI,SUCCESS,priya17@company.in,MERCH_010,91.36,16.44,4460.09
TXN_20250318_0180,ORD_62873,2025-03-18 18:33:27,9255.15,INR,UPI,SUCCESS,neha745@outlook.com,MERCH_007,185.10,33.32,9036.73
TXN_20250318_0077,ORD_76496,2025-03-18 20:08:01,1075.82,INR,Debit Card,SUCCESS,suresh568@gmail.com,MERCH_013,21.52,3.87,1050.43
TXN_20250318_0071,ORD_38074,2025-03-18 21:33:37,652.29,INR,UPI,SUCCESS,pooja197@outlook.com,MERCH_005,13.05,2.35,636.89
TXN_20250318_0189,ORD_53512,2025-03-18 23:19:28,8754.54,INR,Credit Card,SUCCESS,divya615@company.in,MERCH_012,175.09,31.52,8547.93
TXN_20250319_0051,ORD_31567,2025-03-19 02:15:17,1831.30,INR,UPI,SUCCESS,pooja991@yahoo.com,MERCH_011,36.63,6.59,1788.08
TXN_20250319_0051,ORD_31567,2025-03-19 02:15:17,1831.30,INR,UPI,SUCCESS,pooja991@yahoo.com,MERCH_011,36.63,6.59,1788.08
TXN_20250319_0241,ORD_76316,2025-03-19 03:43:02,1563.04,INR,UPI,SUCCESS,amit905@gmail.com,MERCH_020,31.26,5.63,1526.15
TXN_20250319_0196,ORD_35362,2025-03-19 04:26:58,6827.10,INR,UPI,SUCCESS,amit700@gmail.com,MERCH_006,136.54,24.58,6665.98
TXN_20250319_0073,ORD_46932,2025-03-19 04:33:56,5524.78,INR,Debit Card,SUCCESS,suresh541@company.in,MERCH_006,110.50,19.89,5394.39
TXN_20250319_0137,ORD_91999,2025-03-19 09:13:45,2414.30,INR,UPI,SUCCESS,neha440@gmail.com,MERCH_004,48.29,8.69,2357.32
TXN_20250319_0304,ORD_38922,2025-03-19 13:31:36,333.33,INR,UPI,SUCCESS,divya497@gmail.com,MERCH_014,6.67,1.20,325.46
TXN_20250319_0249,ORD_51853,2025-03-19 21:37:46,1072.55,INR,Credit Card,SUCCESS,amit335@outlook.com,MERCH_005,21.45,3.86,1047.24
TXN_20250319_0218,ORD_47548,2025-03-19 23:46:20,7249.40,INR,Debit Card,SUCCESS,divya59@outlook.com,MERCH_016,144.99,26.10,7078.31
TXN_20250319_0068,ORD_15376,2025-03-19 23:57:16,1130.92,INR,Credit Card,SUCCESS,divya668@outlook.com,MERCH_011,22.62,4.07,1104.23
TXN_20250320_0284,ORD_89242,2025-03-20 00:13:30,412.29,INR,UPI,SUCCESS,pooja868@outlook.com,MERCH_017,8.25,1.48,402.56
TXN_20250320_0006,ORD_79352,2025-03-20 00:17:11,1992.44,INR,UPI,SUCCESS,suresh882@gmail.com,MERCH_004,39.85,7.17,1945.42
TXN_20250320_0185,ORD_31860,2025-03-20 01:23:28,5373.92,INR,UPI,SUCCESS,rahul966@outlook.com,MERCH_004,107.48,19.35,5247.09
TXN_20250320_0199,ORD_13238,2025-03-20 01:34:40,1461.75,INR,NetBanking,SUCCESS,shreya527@company.in,MERCH_016,29.23,5.26,1427.26
TXN_20250320_0201,ORD_51471,2025-03-20 04:05:26,838.67,INR,UPI,SUCCESS,priya548@gmail.com,MERCH_020,16.77,3.02,818.88
TXN_20250320_0167,ORD_46202,2025-03-20 04:10:05,1126.51,INR,Credit Card,SUCCESS,rahul806@company.in,MERCH_004,22.53,4.06,1099.92
TXN_20250320_0276,ORD_87693,2025-03-20 08:36:58,1212.44,INR,Credit Card,SUCCESS,pooja632@yahoo.com,MERCH_010,24.25,4.37,1183.82
TXN_20250320_0149,ORD_67014,2025-03-20 11:27:09,1157.25,INR,Debit Card,SUCCESS,amit243@yahoo.com,MERCH_009,23.14,4.17,1129.94
TXN_20250320_0270,ORD_33020,2025-03-20 13:25:51,2232.94,INR,UPI,SUCCESS,shreya945@company.in,MERCH_016,44.66,8.04,2180.24
TXN_20250320_0164,ORD_44734,2025-03-20 15:04:58,1795.01,INR,UPI,SUCCESS,suresh397@outlook.com,MERCH_012,35.90,6.46,1752.65
TXN_20250320_0024,ORD_10726,2025-03-20 17:37:45,1329.31,INR,NetBanking,SUCCESS,priya798@company.in,MERCH_008,26.59,4.79,1297.93
TXN_20250321_0115,ORD_17355,2025-03-21 00:11:00,1127.77,INR,Credit Card,SUCCESS,amit85@company.in,MERCH_014,22.56,4.06,1101.15
TXN_20250321_0053,ORD_14877,2025-03-21 03:41:56,138.43,INR,UPI,SUCCESS,pooja119@gmail.com,MERCH_008,2.77,0.50,135.16
TXN_20250321_0060,ORD_65435,2025-03-21 06:37:36,1347.41,INR,NetBanking,SUCCESS,rahul992@yahoo.com,MERCH_020,26.95,4.85,1315.61
TXN_20250321_0168,ORD_84976,2025-03-21 06:43:17,1326.84,INR,Credit Card,SUCCESS,rahul177@yahoo.com,MERCH_013,26.54,4.78,1295.52
TXN_20250321_0059,ORD_43408,2025-03-21 12:39:47,4500.19,INR,UPI,SUCCESS,amit704@company.in,MERCH_003,90.00,16.20,4393.99
TXN_20250321_0307,ORD_15796,2025-03-21 14:44:22,2999.99,INR,UPI,SUCCESS,pooja752@gmail.com,MERCH_014,60.00,10.80,2929.19
TXN_20250321_0014,ORD_44179,2025-03-21 16:25:56,4530.96,INR,UPI,SUCCESS,shreya245@yahoo.com,MERCH_013,90.62,16.31,4424.03
TXN_20250321_0229,ORD_19351,2025-03-21 19:27:06,8791.21,INR,UPI,SUCCESS,shreya234@yahoo.com,MERCH_011,175.82,31.65,8583.74
TXN_20250321_0194,ORD_29048,2025-03-21 20:06:56,2202.18,INR,UPI,SUCCESS,rahul205@yahoo.com,MERCH_006,44.04,7.93,2150.21
TXN_20250321_0216,ORD_99208,2025-03-21 21:29:05,1243.17,INR,UPI,SUCCESS,neha424@company.in,MERCH_006,24.86,4.47,1213.84
TXN_20250321_0142,ORD_90746,2025-03-21 21:30:03,6292.52,INR,UPI,SUCCESS,priya318@gmail.com,MERCH_017,125.85,22.65,6144.02
TXN_20250321_0049,ORD_60422,2025-03-21 22:21:20,4416.97,INR,NetBanking,SUCCESS,priya243@company.in,MERCH_019,88.34,15.90,4312.73
TXN_20250322_0061,ORD_90422,2025-03-22 03:57:07,22276.40,INR,Debit Card,SUCCESS,suresh27@yahoo.com,MERCH_001,445.53,80.20,21750.67
TXN_20250322_0064,ORD_40161,2025-03-22 05:44:58,791.40,INR,Credit Card,SUCCESS,shreya74@company.in,MERCH_002,15.83,2.85,772.72
TXN_20250322_0295,ORD_19188,2025-03-22 12:02:38,1469.15,INR,Credit Card,SUCCESS,rahul394@company.in,MERCH_004,29.38,5.29,1434.48
TXN_20250322_0202,ORD_14039,2025-03-22 13:55:46,1653.14,INR,Credit Card,SUCCESS,suresh226@outlook.com,MERCH_013,33.06,5.95,1614.13
TXN_20250322_0069,ORD_57696,2025-03-22 14:01:31,6878.44,INR,UPI,SUCCESS,vikram397@company.in,MERCH_011,137.57,24.76,6716.11
TXN_20250322_0252,ORD_36173,2025-03-22 17:10:37,1645.44,INR,Debit Card,SUCCESS,amit776@gmail.com,MERCH_004,32.91,5.92,1606.61
TXN_20250322_0132,ORD_23423,2025-03-22 18:13:45,1980.06,INR,Debit Card,SUCCESS,neha305@gmail.com,MERCH_015,39.60,7.13,1933.33
TXN_20250322_0294,ORD_84887,2025-03-22 18:28:47,2583.36,INR,Debit Card,SUCCESS,pooja20@company.in,MERCH_005,51.67,9.30,2522.39
TXN_20250322_0025,ORD_81810,2025-03-22 19:38:07,6038.23,INR,Credit Card,SUCCESS,amit762@company.in,MERCH_015,120.76,21.74,5895.73
TXN_20250322_0221,ORD_54520,2025-03-22 19:51:46,8159.74,INR,Wallet,SUCCESS,pooja698@company.in,MERCH_019,163.19,29.37,7967.18
TXN_20250322_0208,ORD_84162,2025-03-22 23:53:04,1154.40,INR,Debit Card,SUCCESS,amit754@company.in,MERCH_012,23.09,4.16,1127.15
TXN_20250323_0217,ORD_76629,2025-03-23 00:19:14,11504.18,INR,Credit Card,SUCCESS,shreya821@gmail.com,MERCH_006,230.08,41.41,11232.69
TXN_20250323_0082,ORD_85225,2025-03-23 04:11:52,8104.68,INR,UPI,SUCCESS,shreya408@yahoo.com,MERCH_009,162.09,29.18,7913.41
TXN_20250323_0085,ORD_26821,2025-03-23 04:15:29,1058.85,INR,NetBanking,SUCCESS,suresh656@outlook.com,MERCH_005,21.18,3.81,1033.86
TXN_20250323_0226,ORD_85483,2025-03-23 05:08:14,305.72,INR,Debit Card,SUCCESS,priya739@yahoo.com,MERCH_008,6.11,1.10,298.51
TXN_20250323_0267,ORD_49229,2025-03-23 10:30:25,2286.72,INR,UPI,SUCCESS,arjun840@gmail.com,MERCH_014,45.73,8.23,2232.76
TXN_20250323_0277,ORD_71000,2025-03-23 10:47:38,1306.62,INR,Credit Card,SUCCESS,neha148@yahoo.com,MERCH_012,26.13,4.70,1275.79
TXN_20250323_0191,ORD_75382,2025-03-23 12:53:43,12019.54,INR,UPI,SUCCESS,rahul567@company.in,MERCH_019,240.39,43.27,11735.88
TXN_20250323_0121,ORD_61864,2025-03-23 13:26:50,644.08,INR,UPI,SUCCESS,divya390@yahoo.com,MERCH_015,12.88,2.32,628.88
TXN_20250323_0245,ORD_33644,2025-03-23 14:26:53,2832.82,INR,Credit Card,SUCCESS,suresh346@outlook.com,MERCH_018,56.66,10.20,2765.96
TXN_20250323_0005,ORD_83579,2025-03-23 14:36:04,322.28,INR,Credit Card,SUCCESS,divya439@company.in,MERCH_012,6.45,1.16,314.67
TXN_20250323_0112,ORD_32185,2025-03-23 16:54:16,1600.20,INR,UPI,SUCCESS,suresh501@outlook.com,MERCH_018,32.00,5.76,1562.44
TXN_20250323_0042,ORD_57419,2025-03-23 18:14:29,415.79,INR,Credit Card,SUCCESS,pooja641@company.in,MERCH_002,8.32,1.50,405.97
TXN_20250323_0147,ORD_35614,2025-03-23 20:30:49,1945.12,INR,Debit Card,SUCCESS,suresh779@outlook.com,MERCH_005,38.90,7.00,1899.22
TXN_20250323_0088,ORD_50970,2025-03-23 21:06:51,1232.99,INR,NetBanking,SUCCESS,shreya752@yahoo.com,MERCH_013,24.66,4.44,1203.89
TXN_20250323_0274,ORD_50957,2025-03-23 23:56:59,8129.44,INR,UPI,SUCCESS,vikram655@outlook.com,MERCH_011,162.59,29.27,7937.58
TXN_20250324_0286,ORD_85230,2025-03-24 02:16:18,1816.81,INR,Debit Card,SUCCESS,arjun362@yahoo.com,MERCH_010,36.34,6.54,1773.93
TXN_20250324_0092,ORD_77568,2025-03-24 07:57:06,340.43,INR,UPI,SUCCESS,divya327@outlook.com,MERCH_013,6.81,1.23,332.39
TXN_20250324_0027,ORD_61116,2025-03-24 11:43:18,735.93,INR,NetBanking,SUCCESS,arjun552@outlook.com,MERCH_016,14.72,2.65,718.56
TXN_20250324_0138,ORD_23425,2025-03-24 12:33:40,796.99,INR,UPI,SUCCESS,shreya903@yahoo.com,MERCH_005,15.94,2.87,778.18
TXN_20250324_0211,ORD_94837,2025-03-24 17:00:27,6726.33,INR,NetBanking,SUCCESS,rahul250@gmail.com,MERCH_005,134.53,24.22,6567.58
TXN_20250324_0032,ORD_87656,2025-03-24 19:18:55,1660.18,INR,UPI,SUCCESS,neha851@gmail.com,MERCH_009,33.20,5.98,1621.00
TXN_20250325_0135,ORD_22208,2025-03-25 00:36:46,54.82,INR,Debit Card,SUCCESS,pooja651@yahoo.com,MERCH_003,1.10,0.20,53.52
TXN_20250325_0186,ORD_16025,2025-03-25 00:42:15,852.00,INR,UPI,SUCCESS,shreya13@outlook.com,MERCH_011,17.04,3.07,831.89
TXN_20250325_0130,ORD_69113,2025-03-25 02:28:27,414.84,INR,Credit Card,SUCCESS,shreya975@gmail.com,MERCH_016,8.30,1.49,405.05
TXN_20250325_0224,ORD_76995,2025-03-25 03:49:46,1540.31,INR,UPI,SUCCESS,neha769@outlook.com,MERCH_002,30.81,5.55,1503.95
TXN_20250325_0083,ORD_19706,2025-03-25 04:17:22,314.67,INR,Credit Card,SUCCESS,pooja90@yahoo.com,MERCH_012,6.29,1.13,307.25
TXN_20250325_0090,ORD_98148,2025-03-25 08:35:36,1693.56,INR,Credit Card,SUCCESS,suresh9@gmail.com,MERCH_014,33.87,6.10,1653.59
TXN_20250325_0299,ORD_18271,2025-03-25 11:12:50,1250.48,INR,NetBanking,SUCCESS,arjun346@company.in,MERCH_011,25.01,4.50,1220.97
TXN_20250325_0192,ORD_42537,2025-03-25 19:19:51,6871.95,INR,UPI,SUCCESS,shreya994@yahoo.com,MERCH_015,137.44,24.74,6709.77
TXN_20250325_0099,ORD_24764,2025-03-25 19:27:01,425.98,INR,UPI,SUCCESS,pooja664@yahoo.com,MERCH_006,8.52,1.53,415.93
TXN_20250325_0091,ORD_91689,2025-03-25 19:30:00,1122.22,INR,Debit Card,SUCCESS,priya132@gmail.com,MERCH_013,22.44,4.04,1095.74
TXN_20250325_0171,ORD_99282,2025-03-25 20:30:53,1849.99,INR,UPI,SUCCESS,shreya501@company.in,MERCH_006,37.00,6.66,1806.33
TXN_20250326_0145,ORD_11610,2025-03-26 00:49:26,1724.44,INR,UPI,SUCCESS,pooja373@company.in,MERCH_005,34.49,6.21,1683.74
TXN_20250326_0020,ORD_80282,2025-03-26 01:30:02,1963.24,INR,UPI,SUCCESS,rahul119@yahoo.com,MERCH_006,39.26,7.07,1916.91
TXN_20250326_0182,ORD_23928,2025-03-26 04:02:22,2912.10,INR,Credit Card,SUCCESS,divya205@yahoo.com,MERCH_017,58.24,10.48,2843.38
TXN_20250326_0170,ORD_30836,2025-03-26 09:46:03,6122.16,INR,UPI,SUCCESS,suresh414@outlook.com,MERCH_017,122.44,22.04,5977.68
TXN_20250326_0009,ORD_18392,2025-03-26 11:01:10,533.42,INR,UPI,SUCCESS,divya568@outlook.com,MERCH_019,10.67,1.92,520.83
TXN_20250326_0080,ORD_65640,2025-03-26 13:00:00,211.09,INR,UPI,SUCCESS,divya843@outlook.com,MERCH_018,4.22,0.76,206.11
TXN_20250326_0264,ORD_90225,2025-03-26 18:17:29,9801.53,INR,Wallet,SUCCESS,arjun564@company.in,MERCH_002,196.03,35.29,9570.21
TXN_20250326_0285,ORD_70940,2025-03-26 21:18:35,21683.05,INR,Credit Card,SUCCESS,suresh912@gmail.com,MERCH_008,433.66,78.06,21171.33
TXN_20250327_0177,ORD_29762,2025-03-27 01:18:23,155.42,INR,UPI,SUCCESS,neha351@company.in,MERCH_019,3.11,0.56,151.75
TXN_20250327_0062,ORD_54681,2025-03-27 02:03:25,868.67,INR,UPI,SUCCESS,vikram739@yahoo.com,MERCH_019,17.37,3.13,848.17
TXN_20250327_0290,ORD_95467,2025-03-27 03:00:05,16476.79,INR,NetBanking,SUCCESS,shreya277@yahoo.com,MERCH_004,329.54,59.32,16087.93
TXN_20250327_0004,ORD_93886,2025-03-27 06:19:05,5035.64,INR,Debit Card,SUCCESS,neha702@yahoo.com,MERCH_002,100.71,18.13,4916.80
TXN_20250327_0109,ORD_98299,2025-03-27 08:03:38,4147.69,INR,Credit Card,SUCCESS,rahul895@gmail.com,MERCH_007,82.95,14.93,4049.81
TXN_20250327_0222,ORD_42539,2025-03-27 08:04:46,1672.75,INR,UPI,SUCCESS,arjun690@yahoo.com,MERCH_003,33.45,6.02,1633.28
TXN_20250327_0010,ORD_84847,2025-03-27 12:15:11,1874.25,INR,Credit Card,SUCCESS,neha804@company.in,MERCH_014,37.48,6.75,1830.02
TXN_20250327_0232,ORD_92712,2025-03-27 12:18:56,1215.29,INR,Debit Card,SUCCESS,divya446@yahoo.com,MERCH_012,24.31,4.38,1186.60
TXN_20250327_0297,ORD_68891,2025-03-27 13:47:19,9719.63,INR,Wallet,SUCCESS,rahul38@yahoo.com,MERCH_002,194.39,34.99,9490.25
TXN_20250327_0079,ORD_94790,2025-03-27 16:40:35,121.41,INR,UPI,SUCCESS,shreya883@gmail.com,MERCH_011,2.43,0.44,118.54
TXN_20250327_0207,ORD_29481,2025-03-27 17:11:15,7231.27,INR,UPI,SUCCESS,neha913@yahoo.com,MERCH_005,144.63,26.03,7060.61
TXN_20250327_0161,ORD_85766,2025-03-27 20:09:50,1666.17,INR,Debit Card,SUCCESS,neha167@company.in,MERCH_003,33.32,6.00,1626.85
TXN_20250327_0291,ORD_18906,2025-03-27 22:00:53,66.53,INR,UPI,SUCCESS,priya538@gmail.com,MERCH_015,1.33,0.24,64.96
TXN_20250327_0204,ORD_48096,2025-03-27 23:27:28,1121.85,INR,Debit Card,SUCCESS,vikram101@outlook.com,MERCH_019,22.44,4.04,1095.37
TXN_20250328_0043,ORD_39451,2025-03-28 01:46:26,845.58,INR,Wallet,SUCCESS,priya473@gmail.com,MERCH_005,16.91,3.04,825.63
TXN_20250328_0206,ORD_20744,2025-03-28 02:44:39,1308.83,INR,NetBanking,SUCCESS,amit913@outlook.com,MERCH_009,26.18,4.71,1277.94
TXN_20250328_0282,ORD_14087,2025-03-28 12:28:57,8889.98,INR,UPI,SUCCESS,divya404@yahoo.com,MERCH_013,177.80,32.00,8680.18
TXN_20250328_0195,ORD_47701,2025-03-28 13:55:39,1046.30,INR,Debit Card,SUCCESS,rahul949@company.in,MERCH_013,20.93,3.77,1021.60
TXN_20250328_0246,ORD_82120,2025-03-28 16:06:40,781.37,INR,Wallet,SUCCESS,vikram369@company.in,MERCH_015,15.63,2.81,762.93
TXN_20250328_0067,ORD_92210,2025-03-28 17:40:50,14848.12,INR,UPI,SUCCESS,pooja70@company.in,MERCH_015,296.96,53.45,14497.71
TXN_20250328_0131,ORD_48284,2025-03-28 18:44:10,1534.06,INR,UPI,SUCCESS,neha551@yahoo.com,MERCH_006,30.68,5.52,1497.86
TXN_20250328_0031,ORD_58571,2025-03-28 19:21:33,5427.02,INR,UPI,SUCCESS,shreya13@company.in,MERCH_016,108.54,19.54,5298.94
TXN_20250328_0305,ORD_17818,2025-03-28 22:32:37,777.77,INR,UPI,SUCCESS,priya873@company.in,MERCH_015,15.56,2.80,759.41
TXN_20250329_0120,ORD_32216,2025-03-29 02:22:55,1386.37,INR,UPI,SUCCESS,vikram275@company.in,MERCH_005,27.73,4.99,1353.65
TXN_20250329_0153,ORD_75028,2025-03-29 04:37:24,1462.64,INR,UPI,SUCCESS,arjun177@yahoo.com,MERCH_007,29.25,5.26,1428.13
TXN_20250329_0003,ORD_96673,2025-03-29 08:39:50,185.63,INR,UPI,SUCCESS,vikram82@outlook.com,MERCH_004,3.71,0.67,181.25
TXN_20250329_0034,ORD_55056,2025-03-29 13:33:40,1129.27,INR,Credit Card,SUCCESS,suresh339@yahoo.com,MERCH_015,22.59,4.07,1102.61
TXN_20250329_0093,ORD_92478,2025-03-29 16:03:44,1802.60,INR,UPI,SUCCESS,pooja272@outlook.com,MERCH_002,36.05,6.49,1760.06
TXN_20250329_0205,ORD_51462,2025-03-29 16:36:26,1155.38,INR,Wallet,SUCCESS,amit5@yahoo.com,MERCH_008,23.11,4.16,1128.11
TXN_20250329_0035,ORD_23176,2025-03-29 22:55:06,4263.99,INR,NetBanking,SUCCESS,vikram233@yahoo.com,MERCH_006,85.28,15.35,4163.36
TXN_20250330_0279,ORD_84345,2025-03-30 00:31:48,1961.40,INR,Debit Card,SUCCESS,suresh711@outlook.com,MERCH_006,39.23,7.06,1915.11
TXN_20250330_0162,ORD_66534,2025-03-30 04:05:44,20567.57,INR,Wallet,SUCCESS,amit622@company.in,MERCH_006,411.35,74.04,20082.18
TXN_20250330_0102,ORD_57419,2025-03-30 06:10:26,5573.98,INR,UPI,SUCCESS,divya115@gmail.com,MERCH_018,111.48,20.07,5442.43
TXN_20250330_0072,ORD_91885,2025-03-30 07:50:33,366.38,INR,NetBanking,SUCCESS,amit739@company.in,MERCH_002,7.33,1.32,357.73
TXN_20250330_0110,ORD_52154,2025-03-30 16:10:43,3914.65,INR,Debit Card,SUCCESS,arjun478@yahoo.com,MERCH_010,78.29,14.09,3822.27
TXN_20250330_0301,ORD_32878,2025-03-30 16:13:09,5296.25,INR,Credit Card,SUCCESS,rahul611@outlook.com,MERCH_016,105.92,19.07,5171.26
TXN_20250330_0302,ORD_24769,2025-03-30 17:29:49,2424.55,INR,Debit Card,SUCCESS,pooja510@outlook.com,MERCH_006,48.49,8.73,2367.33
TXN_20250330_0030,ORD_31465,2025-03-30 17:54:58,2916.26,INR,Wallet,SUCCESS,priya593@gmail.com,MERCH_010,58.33,10.50,2847.43
TXN_20250330_0037,ORD_78494,2025-03-30 18:24:40,1255.92,INR,UPI,SUCCESS,pooja305@company.in,MERCH_010,25.12,4.52,1226.28
TXN_20250331_0242,ORD_52208,2025-03-31 02:14:32,849.12,INR,UPI,SUCCESS,suresh675@gmail.com,MERCH_002,16.98,3.06,829.08
TXN_20250331_0081,ORD_17518,2025-03-31 04:21:14,9840.22,INR,UPI,SUCCESS,arjun373@outlook.com,MERCH_001,196.80,35.42,9608.00
TXN_20250331_0281,ORD_99327,2025-03-31 05:11:36,431.55,INR,NetBanking,SUCCESS,vikram584@yahoo.com,MERCH_014,8.63,1.55,421.37
TXN_20250331_0054,ORD_14288,2025-03-31 05:17:12,1905.47,INR,Debit Card,SUCCESS,neha455@company.in,MERCH_008,38.11,6.86,1860.50
TXN_20250331_0303,ORD_73577,2025-03-31 14:59:34,1581.71,INR,Credit Card,SUCCESS,priya917@outlook.com,MERCH_015,31.63,5.69,1544.39
TXN_20250331_0287,ORD_26622,2025-03-31 15:22:55,995.28,INR,Credit Card,SUCCESS,vikram259@outlook.com,MERCH_020,19.91,3.58,971.79
TXN_20250331_0058,ORD_88301,2025-03-31 15:22:57,4601.48,INR,Credit Card,SUCCESS,pooja518@company.in,MERCH_004,92.03,16.57,4492.88
TXN_20250331_0239,ORD_30174,2025-03-31 16:19:55,743.26,INR,Debit Card,SUCCESS,priya129@company.in,MERCH_008,14.87,2.68,725.71
TXN_20250331_0269,ORD_90649,2025-03-31 16:42:52,3658.65,INR,Wallet,SUCCESS,arjun47@yahoo.com,MERCH_012,73.17,13.17,3572.31
TXN_20250331_0200,ORD_23621,2025-03-31 21:26:15,16363.14,INR,UPI,SUCCESS,arjun663@gmail.com,MERCH_005,327.26,58.91,15976.97
